{
  "cesVersion": "2.14.1",
  "projectName": "new-app",
  "packages": [
    {
      "name": "expo-router",
      "type": "navigation",
      "options": {
        "type": "stack"
      }
    },
    {
      "name": "nativewind",
      "type": "styling"
    }
  ],
  "flags": {
    "noGit": false,
    "noInstall": false,
    "overwrite": false,
    "importAlias": true,
    "packageManager": "yarn",
    "eas": false,
    "publish": false
  },
  "packageManager": {
    "type": "yarn",
    "version": "1.22.22"
  },
  "os": {
    "type": "Linux",
    "platform": "linux",
    "arch": "x64",
    "kernelVersion": "6.8.0-55-generic"
  }
}
